input Block;  SIMD16(ms);  SIMD8(ms);SIMD4(ms);SIMD2(ms);SIMD1(ms);
      0;        0.010000;   0.010000; 0.010000; 0.010000; 0.010000;
      1;        0.030000;   0.010000; 0.010000; 0.020000; 0.020000;
      2;        0.030000;   0.020000; 0.020000; 0.020000; 0.010000;
      3;        0.030000;   0.010000; 0.010000; 0.020000; 0.020000;
      4;        0.030000;   0.020000; 0.020000; 0.030000; 0.020000;
      5;        0.040000;   0.020000; 0.020000; 0.020000; 0.010000;
      6;        0.030000;   0.010000; 0.010000; 0.020000; 0.020000;
      7;        0.030000;   0.020000; 0.020000; 0.020000; 0.020000;
      8;        0.040000;   0.020000; 0.030000; 0.040000; 0.020000;
      9;        0.040000;   0.030000; 0.020000; 0.030000; 0.020000;
     10;        0.040000;   0.030000; 0.030000; 0.040000; 0.030000;
     11;        0.040000;   0.020000; 0.020000; 0.040000; 0.020000;
     12;        0.040000;   0.030000; 0.030000; 0.040000; 0.030000;
     13;        0.050000;   0.030000; 0.030000; 0.040000; 0.030000;
     14;        0.040000;   0.030000; 0.030000; 0.040000; 0.030000;
     15;        0.050000;   0.030000; 0.040000; 0.050000; 0.030000;
     16;        0.050000;   0.040000; 0.030000; 0.050000; 0.040000;
     17;        0.080000;   0.060000; 0.060000; 0.060000; 0.050000;
     18;        0.080000;   0.070000; 0.060000; 0.080000; 0.060000;
     19;        0.070000;   0.080000; 0.060000; 0.070000; 0.060000;
     20;        0.070000;   0.060000; 0.060000; 0.080000; 0.060000;
     21;        0.080000;   0.070000; 0.070000; 0.090000; 0.080000;
     22;        0.090000;   0.070000; 0.070000; 0.080000; 0.070000;
     23;        0.080000;   0.070000; 0.070000; 0.080000; 0.070000;
     24;        0.110000;   0.070000; 0.070000; 0.080000; 0.070000;
     25;        0.080000;   0.080000; 0.080000; 0.090000; 0.070000;
     26;        0.100000;   0.080000; 0.080000; 0.090000; 0.070000;
     27;        0.080000;   0.080000; 0.080000; 0.090000; 0.080000;
     28;        0.090000;   0.080000; 0.080000; 0.090000; 0.090000;
     29;        0.110000;   0.090000; 0.080000; 0.090000; 0.080000;
     30;        0.090000;   0.090000; 0.100000; 0.090000; 0.090000;
     31;        0.090000;   0.090000; 0.090000; 0.100000; 0.080000;
     32;        0.030000;   0.040000; 0.030000; 0.040000; 0.040000;
     33;        0.070000;   0.050000; 0.060000; 0.070000; 0.060000;
     34;        0.070000;   0.070000; 0.060000; 0.070000; 0.070000;
     35;        0.070000;   0.070000; 0.060000; 0.070000; 0.070000;
     36;        0.070000;   0.060000; 0.060000; 0.070000; 0.070000;
     37;        0.080000;   0.060000; 0.060000; 0.080000; 0.080000;
     38;        0.080000;   0.060000; 0.060000; 0.070000; 0.070000;
     39;        0.070000;   0.070000; 0.060000; 0.080000; 0.080000;
     40;        0.080000;   0.070000; 0.060000; 0.080000; 0.070000;
     41;        0.080000;   0.070000; 0.070000; 0.090000; 0.080000;
     42;        0.090000;   0.080000; 0.070000; 0.080000; 0.070000;
     43;        0.080000;   0.070000; 0.060000; 0.080000; 0.090000;
     44;        0.090000;   0.070000; 0.070000; 0.090000; 0.080000;
     45;        0.080000;   0.070000; 0.070000; 0.090000; 0.080000;
     46;        0.090000;   0.080000; 0.090000; 0.090000; 0.080000;
     47;        0.090000;   0.080000; 0.080000; 0.090000; 0.080000;
     48;        0.090000;   0.080000; 0.080000; 0.090000; 0.090000;
     49;        0.100000;   0.090000; 0.100000; 0.100000; 0.100000;
     50;        0.110000;   0.100000; 0.100000; 0.100000; 0.100000;
     51;        0.110000;   0.100000; 0.110000; 0.110000; 0.110000;
     52;        0.110000;   0.090000; 0.100000; 0.110000; 0.110000;
     53;        0.120000;   0.110000; 0.100000; 0.120000; 0.110000;
     54;        0.130000;   0.110000; 0.100000; 0.120000; 0.120000;
     55;        0.130000;   0.110000; 0.110000; 0.120000; 0.120000;
     56;        0.130000;   0.120000; 0.120000; 0.120000; 0.130000;
     57;        0.130000;   0.120000; 0.120000; 0.130000; 0.110000;
     58;        0.140000;   0.130000; 0.130000; 0.130000; 0.130000;
     59;        0.140000;   0.120000; 0.130000; 0.130000; 0.130000;
     60;        0.140000;   0.130000; 0.120000; 0.140000; 0.150000;
     61;        0.150000;   0.140000; 0.140000; 0.140000; 0.120000;
     62;        0.150000;   0.130000; 0.130000; 0.130000; 0.140000;
     63;        0.150000;   0.120000; 0.140000; 0.140000; 0.140000;
     64;        0.040000;   0.040000; 0.040000; 0.040000; 0.060000;
     65;        0.080000;   0.070000; 0.060000; 0.070000; 0.090000;
     66;        0.070000;   0.060000; 0.070000; 0.070000; 0.090000;
     67;        0.080000;   0.060000; 0.060000; 0.080000; 0.090000;
     68;        0.080000;   0.070000; 0.070000; 0.080000; 0.080000;
     69;        0.080000;   0.060000; 0.060000; 0.090000; 0.090000;
     70;        0.080000;   0.070000; 0.070000; 0.090000; 0.080000;
     71;        0.080000;   0.070000; 0.060000; 0.090000; 0.090000;
     72;        0.090000;   0.070000; 0.080000; 0.100000; 0.090000;
     73;        0.080000;   0.070000; 0.070000; 0.090000; 0.090000;
     74;        0.090000;   0.070000; 0.070000; 0.090000; 0.100000;
     75;        0.080000;   0.070000; 0.080000; 0.100000; 0.100000;
     76;        0.080000;   0.070000; 0.070000; 0.100000; 0.090000;
     77;        0.090000;   0.080000; 0.090000; 0.100000; 0.090000;
     78;        0.100000;   0.080000; 0.080000; 0.100000; 0.100000;
     79;        0.090000;   0.080000; 0.080000; 0.100000; 0.100000;
     80;        0.100000;   0.080000; 0.080000; 0.100000; 0.100000;
     81;        0.120000;   0.110000; 0.100000; 0.120000; 0.130000;
     82;        0.110000;   0.100000; 0.100000; 0.120000; 0.130000;
     83;        0.110000;   0.090000; 0.100000; 0.120000; 0.130000;
     84;        0.120000;   0.100000; 0.110000; 0.130000; 0.140000;
     85;        0.120000;   0.120000; 0.110000; 0.130000; 0.140000;
     86;        0.130000;   0.110000; 0.110000; 0.130000; 0.130000;
     87;        0.140000;   0.130000; 0.120000; 0.140000; 0.140000;
     88;        0.140000;   0.120000; 0.120000; 0.140000; 0.150000;
     89;        0.140000;   0.120000; 0.130000; 0.130000; 0.140000;
     90;        0.140000;   0.130000; 0.130000; 0.130000; 0.150000;
     91;        0.150000;   0.130000; 0.140000; 0.150000; 0.160000;
     92;        0.140000;   0.130000; 0.130000; 0.150000; 0.160000;
     93;        0.160000;   0.140000; 0.140000; 0.150000; 0.160000;
     94;        0.140000;   0.150000; 0.150000; 0.150000; 0.170000;
     95;        0.150000;   0.140000; 0.140000; 0.160000; 0.150000;
     96;        0.070000;   0.080000; 0.070000; 0.080000; 0.100000;
     97;        0.100000;   0.080000; 0.090000; 0.100000; 0.130000;
     98;        0.100000;   0.090000; 0.110000; 0.110000; 0.130000;
     99;        0.100000;   0.100000; 0.090000; 0.110000; 0.140000;
    100;        0.100000;   0.090000; 0.090000; 0.110000; 0.150000;
    101;        0.110000;   0.100000; 0.100000; 0.110000; 0.130000;
    102;        0.100000;   0.100000; 0.100000; 0.120000; 0.130000;
    103;        0.110000;   0.100000; 0.100000; 0.110000; 0.130000;
    104;        0.120000;   0.090000; 0.090000; 0.110000; 0.130000;
    105;        0.120000;   0.110000; 0.110000; 0.110000; 0.140000;
    106;        0.110000;   0.100000; 0.100000; 0.110000; 0.140000;
    107;        0.120000;   0.110000; 0.120000; 0.120000; 0.150000;
    108;        0.110000;   0.100000; 0.100000; 0.120000; 0.140000;
    109;        0.120000;   0.110000; 0.110000; 0.120000; 0.140000;
    110;        0.130000;   0.110000; 0.110000; 0.120000; 0.140000;
    111;        0.150000;   0.120000; 0.110000; 0.130000; 0.150000;
    112;        0.130000;   0.110000; 0.110000; 0.130000; 0.140000;
    113;        0.150000;   0.130000; 0.140000; 0.160000; 0.160000;
    114;        0.130000;   0.130000; 0.130000; 0.150000; 0.190000;
    115;        0.150000;   0.130000; 0.130000; 0.150000; 0.170000;
    116;        0.140000;   0.130000; 0.140000; 0.150000; 0.180000;
    117;        0.150000;   0.130000; 0.150000; 0.160000; 0.170000;
    118;        0.150000;   0.130000; 0.140000; 0.200000; 0.180000;
    119;        0.150000;   0.140000; 0.140000; 0.170000; 0.170000;
    120;        0.150000;   0.140000; 0.150000; 0.170000; 0.180000;
    121;        0.150000;   0.150000; 0.160000; 0.170000; 0.180000;
    122;        0.150000;   0.140000; 0.150000; 0.160000; 0.200000;
    123;        0.160000;   0.150000; 0.160000; 0.180000; 0.180000;
    124;        0.170000;   0.150000; 0.180000; 0.170000; 0.190000;
    125;        0.160000;   0.150000; 0.160000; 0.170000; 0.190000;
    126;        0.160000;   0.160000; 0.160000; 0.170000; 0.210000;
    127;        0.170000;   0.160000; 0.160000; 0.180000; 0.190000;
    128;        0.040000;   0.040000; 0.050000; 0.060000; 0.090000;
    129;        0.080000;   0.070000; 0.070000; 0.090000; 0.120000;
    130;        0.080000;   0.070000; 0.070000; 0.100000; 0.120000;
    131;        0.110000;   0.070000; 0.070000; 0.090000; 0.120000;
    132;        0.080000;   0.070000; 0.080000; 0.100000; 0.160000;
    133;        0.090000;   0.070000; 0.070000; 0.100000; 0.120000;
    134;        0.090000;   0.070000; 0.070000; 0.100000; 0.130000;
    135;        0.090000;   0.080000; 0.080000; 0.100000; 0.120000;
    136;        0.080000;   0.070000; 0.080000; 0.110000; 0.130000;
    137;        0.090000;   0.080000; 0.080000; 0.110000; 0.120000;
    138;        0.100000;   0.080000; 0.080000; 0.110000; 0.120000;
    139;        0.090000;   0.080000; 0.080000; 0.110000; 0.130000;
    140;        0.100000;   0.080000; 0.080000; 0.110000; 0.130000;
    141;        0.090000;   0.090000; 0.090000; 0.110000; 0.130000;
    142;        0.100000;   0.090000; 0.090000; 0.110000; 0.140000;
    143;        0.100000;   0.090000; 0.100000; 0.110000; 0.140000;
    144;        0.100000;   0.090000; 0.090000; 0.120000; 0.140000;
    145;        0.120000;   0.110000; 0.110000; 0.130000; 0.150000;
    146;        0.110000;   0.110000; 0.100000; 0.130000; 0.170000;
    147;        0.110000;   0.110000; 0.110000; 0.140000; 0.160000;
    148;        0.120000;   0.110000; 0.110000; 0.140000; 0.170000;
    149;        0.120000;   0.120000; 0.110000; 0.140000; 0.160000;
    150;        0.130000;   0.120000; 0.120000; 0.150000; 0.170000;
    151;        0.140000;   0.130000; 0.130000; 0.140000; 0.160000;
    152;        0.150000;   0.140000; 0.140000; 0.160000; 0.180000;
    153;        0.150000;   0.130000; 0.130000; 0.150000; 0.170000;
    154;        0.150000;   0.130000; 0.140000; 0.150000; 0.180000;
    155;        0.150000;   0.150000; 0.140000; 0.150000; 0.180000;
    156;        0.160000;   0.140000; 0.140000; 0.160000; 0.190000;
    157;        0.150000;   0.140000; 0.150000; 0.160000; 0.180000;
    158;        0.160000;   0.150000; 0.150000; 0.160000; 0.200000;
    159;        0.140000;   0.150000; 0.150000; 0.160000; 0.190000;
    160;        0.080000;   0.080000; 0.070000; 0.100000; 0.140000;
    161;        0.110000;   0.090000; 0.110000; 0.120000; 0.160000;
    162;        0.110000;   0.100000; 0.100000; 0.130000; 0.160000;
    163;        0.110000;   0.110000; 0.110000; 0.130000; 0.160000;
    164;        0.110000;   0.100000; 0.110000; 0.120000; 0.150000;
    165;        0.110000;   0.100000; 0.100000; 0.120000; 0.160000;
    166;        0.120000;   0.110000; 0.120000; 0.140000; 0.160000;
    167;        0.120000;   0.100000; 0.110000; 0.130000; 0.160000;
    168;        0.120000;   0.110000; 0.100000; 0.130000; 0.160000;
    169;        0.120000;   0.120000; 0.110000; 0.130000; 0.160000;
    170;        0.120000;   0.110000; 0.120000; 0.140000; 0.170000;
    171;        0.120000;   0.110000; 0.110000; 0.140000; 0.180000;
    172;        0.120000;   0.120000; 0.110000; 0.140000; 0.180000;
    173;        0.140000;   0.120000; 0.120000; 0.140000; 0.180000;
    174;        0.130000;   0.120000; 0.120000; 0.150000; 0.180000;
    175;        0.130000;   0.120000; 0.130000; 0.150000; 0.170000;
    176;        0.130000;   0.120000; 0.120000; 0.140000; 0.180000;
    177;        0.140000;   0.130000; 0.130000; 0.170000; 0.190000;
    178;        0.150000;   0.140000; 0.140000; 0.170000; 0.200000;
    179;        0.140000;   0.140000; 0.140000; 0.170000; 0.190000;
    180;        0.150000;   0.140000; 0.130000; 0.180000; 0.210000;
    181;        0.150000;   0.140000; 0.140000; 0.170000; 0.210000;
    182;        0.150000;   0.140000; 0.140000; 0.170000; 0.200000;
    183;        0.160000;   0.150000; 0.150000; 0.170000; 0.200000;
    184;        0.160000;   0.150000; 0.140000; 0.180000; 0.210000;
    185;        0.160000;   0.140000; 0.150000; 0.170000; 0.220000;
    186;        0.170000;   0.160000; 0.150000; 0.190000; 0.210000;
    187;        0.160000;   0.150000; 0.160000; 0.180000; 0.210000;
    188;        0.180000;   0.160000; 0.160000; 0.190000; 0.210000;
    189;        0.170000;   0.160000; 0.160000; 0.200000; 0.220000;
    190;        0.160000;   0.170000; 0.160000; 0.180000; 0.230000;
    191;        0.180000;   0.170000; 0.170000; 0.200000; 0.220000;
    192;        0.080000;   0.090000; 0.080000; 0.100000; 0.140000;
    193;        0.110000;   0.100000; 0.100000; 0.130000; 0.180000;
    194;        0.110000;   0.100000; 0.110000; 0.140000; 0.170000;
    195;        0.110000;   0.110000; 0.100000; 0.130000; 0.180000;
    196;        0.120000;   0.110000; 0.110000; 0.130000; 0.170000;
    197;        0.130000;   0.110000; 0.100000; 0.130000; 0.180000;
    198;        0.110000;   0.110000; 0.120000; 0.140000; 0.180000;
    199;        0.120000;   0.120000; 0.120000; 0.140000; 0.180000;
    200;        0.120000;   0.110000; 0.110000; 0.140000; 0.180000;
    201;        0.120000;   0.110000; 0.120000; 0.140000; 0.180000;
    202;        0.130000;   0.110000; 0.120000; 0.150000; 0.180000;
    203;        0.140000;   0.130000; 0.120000; 0.140000; 0.180000;
    204;        0.130000;   0.120000; 0.130000; 0.150000; 0.190000;
    205;        0.130000;   0.120000; 0.130000; 0.150000; 0.190000;
    206;        0.140000;   0.120000; 0.130000; 0.160000; 0.190000;
    207;        0.140000;   0.130000; 0.130000; 0.150000; 0.210000;
    208;        0.140000;   0.130000; 0.130000; 0.150000; 0.190000;
    209;        0.160000;   0.150000; 0.140000; 0.170000; 0.200000;
    210;        0.150000;   0.150000; 0.150000; 0.180000; 0.220000;
    211;        0.160000;   0.150000; 0.150000; 0.170000; 0.210000;
    212;        0.170000;   0.140000; 0.150000; 0.190000; 0.210000;
    213;        0.160000;   0.150000; 0.150000; 0.190000; 0.220000;
    214;        0.160000;   0.150000; 0.160000; 0.190000; 0.210000;
    215;        0.170000;   0.150000; 0.150000; 0.180000; 0.230000;
    216;        0.160000;   0.150000; 0.150000; 0.200000; 0.230000;
    217;        0.170000;   0.160000; 0.160000; 0.180000; 0.230000;
    218;        0.170000;   0.150000; 0.160000; 0.200000; 0.230000;
    219;        0.180000;   0.160000; 0.160000; 0.200000; 0.240000;
    220;        0.170000;   0.160000; 0.170000; 0.190000; 0.240000;
    221;        0.180000;   0.160000; 0.170000; 0.190000; 0.230000;
    222;        0.180000;   0.160000; 0.170000; 0.200000; 0.250000;
    223;        0.190000;   0.160000; 0.170000; 0.210000; 0.240000;
    224;        0.110000;   0.110000; 0.120000; 0.130000; 0.180000;
    225;        0.150000;   0.130000; 0.140000; 0.160000; 0.220000;
    226;        0.140000;   0.130000; 0.140000; 0.160000; 0.220000;
    227;        0.150000;   0.140000; 0.140000; 0.150000; 0.220000;
    228;        0.150000;   0.130000; 0.140000; 0.160000; 0.210000;
    229;        0.150000;   0.140000; 0.140000; 0.170000; 0.220000;
    230;        0.160000;   0.140000; 0.140000; 0.160000; 0.210000;
    231;        0.150000;   0.140000; 0.140000; 0.170000; 0.210000;
    232;        0.150000;   0.140000; 0.140000; 0.160000; 0.220000;
    233;        0.160000;   0.150000; 0.140000; 0.180000; 0.220000;
    234;        0.160000;   0.140000; 0.150000; 0.170000; 0.220000;
    235;        0.160000;   0.150000; 0.150000; 0.180000; 0.220000;
    236;        0.160000;   0.160000; 0.150000; 0.190000; 0.220000;
    237;        0.160000;   0.150000; 0.150000; 0.180000; 0.220000;
    238;        0.170000;   0.160000; 0.160000; 0.180000; 0.250000;
    239;        0.170000;   0.150000; 0.160000; 0.190000; 0.230000;
    240;        0.170000;   0.160000; 0.160000; 0.190000; 0.230000;
    241;        0.190000;   0.190000; 0.170000; 0.210000; 0.250000;
    242;        0.190000;   0.180000; 0.180000; 0.210000; 0.260000;
    243;        0.180000;   0.180000; 0.190000; 0.210000; 0.260000;
    244;        0.190000;   0.180000; 0.180000; 0.230000; 0.270000;
    245;        0.210000;   0.190000; 0.190000; 0.220000; 0.270000;
    246;        0.200000;   0.190000; 0.190000; 0.210000; 0.270000;
    247;        0.210000;   0.210000; 0.190000; 0.220000; 0.270000;
    248;        0.210000;   0.190000; 0.200000; 0.220000; 0.280000;
    249;        0.220000;   0.200000; 0.200000; 0.230000; 0.270000;
    250;        0.220000;   0.200000; 0.200000; 0.210000; 0.280000;
    251;        0.220000;   0.210000; 0.210000; 0.230000; 0.280000;
    252;        0.220000;   0.200000; 0.210000; 0.220000; 0.280000;
    253;        0.230000;   0.220000; 0.220000; 0.230000; 0.270000;
    254;        0.230000;   0.210000; 0.210000; 0.230000; 0.290000;
    255;        0.220000;   0.210000; 0.220000; 0.240000; 0.280000;
    256;        0.050000;   0.060000; 0.070000; 0.090000; 0.160000;
    257;        0.090000;   0.080000; 0.090000; 0.130000; 0.180000;
    258;        0.090000;   0.080000; 0.090000; 0.130000; 0.180000;
    259;        0.100000;   0.080000; 0.100000; 0.130000; 0.180000;
    260;        0.100000;   0.080000; 0.100000; 0.130000; 0.180000;
    261;        0.100000;   0.090000; 0.090000; 0.130000; 0.180000;
    262;        0.100000;   0.080000; 0.100000; 0.130000; 0.190000;
    263;        0.100000;   0.090000; 0.100000; 0.130000; 0.190000;
    264;        0.100000;   0.090000; 0.100000; 0.130000; 0.190000;
    265;        0.100000;   0.090000; 0.110000; 0.140000; 0.190000;
    266;        0.110000;   0.090000; 0.100000; 0.150000; 0.190000;
    267;        0.100000;   0.090000; 0.100000; 0.140000; 0.200000;
    268;        0.100000;   0.100000; 0.110000; 0.140000; 0.190000;
    269;        0.120000;   0.100000; 0.100000; 0.140000; 0.200000;
    270;        0.100000;   0.100000; 0.110000; 0.150000; 0.190000;
    271;        0.110000;   0.100000; 0.120000; 0.150000; 0.200000;
    272;        0.110000;   0.090000; 0.120000; 0.150000; 0.200000;
    273;        0.120000;   0.120000; 0.130000; 0.180000; 0.230000;
    274;        0.130000;   0.110000; 0.130000; 0.170000; 0.220000;
    275;        0.130000;   0.130000; 0.140000; 0.170000; 0.240000;
    276;        0.130000;   0.120000; 0.130000; 0.170000; 0.240000;
    277;        0.130000;   0.130000; 0.130000; 0.180000; 0.240000;
    278;        0.140000;   0.130000; 0.140000; 0.170000; 0.240000;
    279;        0.150000;   0.140000; 0.140000; 0.170000; 0.240000;
    280;        0.150000;   0.140000; 0.150000; 0.180000; 0.240000;
    281;        0.150000;   0.130000; 0.160000; 0.190000; 0.250000;
    282;        0.160000;   0.150000; 0.150000; 0.190000; 0.250000;
    283;        0.160000;   0.150000; 0.170000; 0.200000; 0.240000;
    284;        0.150000;   0.150000; 0.160000; 0.200000; 0.260000;
    285;        0.170000;   0.160000; 0.160000; 0.190000; 0.240000;
    286;        0.170000;   0.150000; 0.170000; 0.190000; 0.270000;
    287;        0.170000;   0.150000; 0.170000; 0.200000; 0.260000;
    288;        0.100000;   0.090000; 0.100000; 0.140000; 0.200000;
    289;        0.110000;   0.110000; 0.120000; 0.160000; 0.230000;
    290;        0.120000;   0.110000; 0.120000; 0.160000; 0.220000;
    291;        0.110000;   0.110000; 0.110000; 0.160000; 0.230000;
    292;        0.120000;   0.110000; 0.120000; 0.160000; 0.220000;
    293;        0.120000;   0.120000; 0.130000; 0.160000; 0.230000;
    294;        0.120000;   0.110000; 0.130000; 0.160000; 0.230000;
    295;        0.130000;   0.110000; 0.120000; 0.160000; 0.240000;
    296;        0.140000;   0.110000; 0.130000; 0.170000; 0.230000;
    297;        0.130000;   0.120000; 0.130000; 0.170000; 0.230000;
    298;        0.140000;   0.120000; 0.140000; 0.170000; 0.230000;
    299;        0.130000;   0.130000; 0.130000; 0.170000; 0.250000;
    300;        0.130000;   0.120000; 0.140000; 0.170000; 0.240000;
    301;        0.140000;   0.130000; 0.130000; 0.170000; 0.240000;
    302;        0.140000;   0.120000; 0.140000; 0.180000; 0.250000;
    303;        0.140000;   0.130000; 0.140000; 0.190000; 0.240000;
    304;        0.140000;   0.130000; 0.150000; 0.190000; 0.250000;
    305;        0.160000;   0.150000; 0.160000; 0.210000; 0.260000;
    306;        0.170000;   0.140000; 0.160000; 0.200000; 0.260000;
    307;        0.160000;   0.150000; 0.170000; 0.200000; 0.280000;
    308;        0.160000;   0.160000; 0.170000; 0.200000; 0.270000;
    309;        0.170000;   0.140000; 0.170000; 0.210000; 0.270000;
    310;        0.170000;   0.150000; 0.160000; 0.210000; 0.280000;
    311;        0.160000;   0.150000; 0.170000; 0.220000; 0.270000;
    312;        0.170000;   0.150000; 0.170000; 0.210000; 0.280000;
    313;        0.170000;   0.150000; 0.170000; 0.210000; 0.280000;
    314;        0.180000;   0.170000; 0.180000; 0.210000; 0.290000;
    315;        0.170000;   0.160000; 0.180000; 0.210000; 0.280000;
    316;        0.180000;   0.170000; 0.180000; 0.220000; 0.300000;
    317;        0.180000;   0.170000; 0.180000; 0.230000; 0.290000;
    318;        0.190000;   0.170000; 0.190000; 0.230000; 0.310000;
    319;        0.190000;   0.180000; 0.190000; 0.230000; 0.280000;
    320;        0.090000;   0.090000; 0.110000; 0.150000; 0.210000;
    321;        0.140000;   0.120000; 0.160000; 0.170000; 0.240000;
    322;        0.130000;   0.110000; 0.130000; 0.170000; 0.250000;
    323;        0.130000;   0.110000; 0.130000; 0.170000; 0.250000;
    324;        0.130000;   0.110000; 0.130000; 0.160000; 0.230000;
    325;        0.140000;   0.110000; 0.130000; 0.170000; 0.240000;
    326;        0.140000;   0.120000; 0.130000; 0.180000; 0.240000;
    327;        0.130000;   0.120000; 0.130000; 0.170000; 0.250000;
    328;        0.140000;   0.120000; 0.140000; 0.180000; 0.240000;
    329;        0.140000;   0.130000; 0.140000; 0.180000; 0.250000;
    330;        0.140000;   0.120000; 0.130000; 0.180000; 0.250000;
    331;        0.140000;   0.130000; 0.130000; 0.190000; 0.250000;
    332;        0.150000;   0.130000; 0.150000; 0.180000; 0.260000;
    333;        0.150000;   0.130000; 0.140000; 0.190000; 0.260000;
    334;        0.140000;   0.130000; 0.140000; 0.190000; 0.250000;
    335;        0.140000;   0.140000; 0.150000; 0.190000; 0.260000;
    336;        0.140000;   0.140000; 0.140000; 0.190000; 0.260000;
    337;        0.170000;   0.160000; 0.170000; 0.220000; 0.280000;
    338;        0.170000;   0.150000; 0.160000; 0.200000; 0.290000;
    339;        0.170000;   0.150000; 0.170000; 0.200000; 0.280000;
    340;        0.160000;   0.160000; 0.170000; 0.210000; 0.280000;
    341;        0.180000;   0.160000; 0.170000; 0.210000; 0.280000;
    342;        0.170000;   0.160000; 0.170000; 0.210000; 0.290000;
    343;        0.170000;   0.160000; 0.180000; 0.220000; 0.280000;
    344;        0.180000;   0.170000; 0.180000; 0.220000; 0.310000;
    345;        0.180000;   0.170000; 0.180000; 0.220000; 0.300000;
    346;        0.170000;   0.170000; 0.180000; 0.220000; 0.300000;
    347;        0.190000;   0.170000; 0.190000; 0.220000; 0.290000;
    348;        0.190000;   0.180000; 0.190000; 0.220000; 0.300000;
    349;        0.180000;   0.180000; 0.180000; 0.240000; 0.300000;
    350;        0.200000;   0.170000; 0.190000; 0.230000; 0.310000;
    351;        0.190000;   0.180000; 0.200000; 0.230000; 0.320000;
    352;        0.120000;   0.120000; 0.130000; 0.160000; 0.270000;
    353;        0.160000;   0.140000; 0.150000; 0.200000; 0.280000;
    354;        0.160000;   0.150000; 0.150000; 0.190000; 0.280000;
    355;        0.150000;   0.140000; 0.150000; 0.200000; 0.290000;
    356;        0.160000;   0.150000; 0.160000; 0.200000; 0.270000;
    357;        0.180000;   0.150000; 0.160000; 0.210000; 0.290000;
    358;        0.160000;   0.150000; 0.160000; 0.200000; 0.280000;
    359;        0.170000;   0.150000; 0.160000; 0.210000; 0.280000;
    360;        0.180000;   0.150000; 0.170000; 0.210000; 0.280000;
    361;        0.160000;   0.160000; 0.170000; 0.210000; 0.280000;
    362;        0.170000;   0.160000; 0.170000; 0.220000; 0.290000;
    363;        0.170000;   0.160000; 0.190000; 0.210000; 0.280000;
    364;        0.170000;   0.160000; 0.170000; 0.210000; 0.290000;
    365;        0.180000;   0.170000; 0.180000; 0.220000; 0.300000;
    366;        0.170000;   0.170000; 0.170000; 0.220000; 0.310000;
    367;        0.180000;   0.170000; 0.190000; 0.220000; 0.300000;
    368;        0.180000;   0.170000; 0.180000; 0.220000; 0.290000;
    369;        0.200000;   0.200000; 0.200000; 0.260000; 0.330000;
    370;        0.210000;   0.190000; 0.200000; 0.250000; 0.320000;
    371;        0.210000;   0.190000; 0.200000; 0.250000; 0.330000;
    372;        0.210000;   0.190000; 0.210000; 0.250000; 0.340000;
    373;        0.210000;   0.200000; 0.210000; 0.240000; 0.350000;
    374;        0.220000;   0.200000; 0.210000; 0.250000; 0.330000;
    375;        0.220000;   0.220000; 0.220000; 0.250000; 0.330000;
    376;        0.230000;   0.210000; 0.220000; 0.260000; 0.350000;
    377;        0.220000;   0.200000; 0.220000; 0.260000; 0.360000;
    378;        0.220000;   0.210000; 0.220000; 0.250000; 0.350000;
    379;        0.250000;   0.210000; 0.230000; 0.270000; 0.340000;
    380;        0.240000;   0.210000; 0.230000; 0.280000; 0.370000;
    381;        0.230000;   0.220000; 0.230000; 0.260000; 0.370000;
    382;        0.230000;   0.220000; 0.230000; 0.260000; 0.360000;
    383;        0.240000;   0.220000; 0.240000; 0.270000; 0.370000;
    384;        0.100000;   0.090000; 0.120000; 0.160000; 0.250000;
    385;        0.130000;   0.130000; 0.130000; 0.180000; 0.280000;
    386;        0.140000;   0.120000; 0.140000; 0.190000; 0.270000;
    387;        0.140000;   0.120000; 0.140000; 0.190000; 0.270000;
    388;        0.140000;   0.120000; 0.140000; 0.190000; 0.270000;
    389;        0.140000;   0.120000; 0.140000; 0.190000; 0.270000;
    390;        0.140000;   0.130000; 0.130000; 0.190000; 0.270000;
    391;        0.140000;   0.130000; 0.140000; 0.190000; 0.270000;
    392;        0.150000;   0.130000; 0.140000; 0.190000; 0.290000;
    393;        0.150000;   0.130000; 0.150000; 0.200000; 0.280000;
    394;        0.140000;   0.130000; 0.140000; 0.200000; 0.270000;
    395;        0.140000;   0.140000; 0.160000; 0.200000; 0.280000;
    396;        0.150000;   0.150000; 0.150000; 0.190000; 0.290000;
    397;        0.150000;   0.140000; 0.150000; 0.190000; 0.280000;
    398;        0.160000;   0.140000; 0.150000; 0.210000; 0.280000;
    399;        0.150000;   0.140000; 0.150000; 0.210000; 0.290000;
    400;        0.150000;   0.140000; 0.160000; 0.220000; 0.290000;
    401;        0.180000;   0.150000; 0.180000; 0.230000; 0.300000;
    402;        0.180000;   0.170000; 0.170000; 0.240000; 0.300000;
    403;        0.180000;   0.160000; 0.180000; 0.250000; 0.310000;
    404;        0.180000;   0.160000; 0.180000; 0.230000; 0.310000;
    405;        0.180000;   0.160000; 0.180000; 0.240000; 0.310000;
    406;        0.180000;   0.180000; 0.170000; 0.240000; 0.320000;
    407;        0.180000;   0.170000; 0.180000; 0.240000; 0.320000;
    408;        0.200000;   0.180000; 0.190000; 0.240000; 0.320000;
    409;        0.180000;   0.180000; 0.180000; 0.240000; 0.330000;
    410;        0.200000;   0.170000; 0.190000; 0.250000; 0.340000;
    411;        0.190000;   0.180000; 0.200000; 0.240000; 0.340000;
    412;        0.200000;   0.180000; 0.200000; 0.240000; 0.330000;
    413;        0.200000;   0.180000; 0.200000; 0.260000; 0.340000;
    414;        0.200000;   0.190000; 0.200000; 0.250000; 0.340000;
    415;        0.210000;   0.190000; 0.200000; 0.240000; 0.340000;
    416;        0.130000;   0.130000; 0.140000; 0.180000; 0.280000;
    417;        0.160000;   0.160000; 0.170000; 0.220000; 0.300000;
    418;        0.180000;   0.160000; 0.170000; 0.210000; 0.310000;
    419;        0.160000;   0.160000; 0.170000; 0.220000; 0.310000;
    420;        0.160000;   0.160000; 0.160000; 0.220000; 0.310000;
    421;        0.170000;   0.150000; 0.170000; 0.220000; 0.320000;
    422;        0.170000;   0.150000; 0.170000; 0.220000; 0.310000;
    423;        0.180000;   0.170000; 0.170000; 0.220000; 0.320000;
    424;        0.170000;   0.170000; 0.180000; 0.230000; 0.310000;
    425;        0.180000;   0.160000; 0.180000; 0.220000; 0.310000;
    426;        0.180000;   0.170000; 0.170000; 0.220000; 0.320000;
    427;        0.170000;   0.160000; 0.180000; 0.230000; 0.310000;
    428;        0.180000;   0.180000; 0.180000; 0.230000; 0.330000;
    429;        0.180000;   0.170000; 0.180000; 0.240000; 0.320000;
    430;        0.180000;   0.180000; 0.190000; 0.230000; 0.330000;
    431;        0.190000;   0.180000; 0.190000; 0.250000; 0.340000;
    432;        0.190000;   0.170000; 0.200000; 0.240000; 0.320000;
    433;        0.210000;   0.190000; 0.210000; 0.250000; 0.360000;
    434;        0.220000;   0.200000; 0.210000; 0.260000; 0.360000;
    435;        0.210000;   0.190000; 0.210000; 0.260000; 0.350000;
    436;        0.210000;   0.190000; 0.210000; 0.260000; 0.360000;
    437;        0.220000;   0.200000; 0.210000; 0.260000; 0.370000;
    438;        0.220000;   0.200000; 0.210000; 0.270000; 0.370000;
    439;        0.230000;   0.210000; 0.230000; 0.270000; 0.370000;
    440;        0.240000;   0.220000; 0.240000; 0.280000; 0.380000;
    441;        0.250000;   0.220000; 0.240000; 0.280000; 0.380000;
    442;        0.240000;   0.220000; 0.240000; 0.270000; 0.380000;
    443;        0.250000;   0.210000; 0.230000; 0.280000; 0.390000;
    444;        0.240000;   0.220000; 0.240000; 0.290000; 0.380000;
    445;        0.250000;   0.220000; 0.240000; 0.280000; 0.390000;
    446;        0.240000;   0.230000; 0.240000; 0.290000; 0.390000;
    447;        0.260000;   0.220000; 0.250000; 0.290000; 0.390000;
    448;        0.150000;   0.140000; 0.150000; 0.190000; 0.310000;
    449;        0.170000;   0.160000; 0.170000; 0.220000; 0.320000;
    450;        0.180000;   0.160000; 0.180000; 0.230000; 0.330000;
    451;        0.170000;   0.150000; 0.160000; 0.220000; 0.320000;
    452;        0.180000;   0.160000; 0.160000; 0.230000; 0.320000;
    453;        0.170000;   0.160000; 0.170000; 0.230000; 0.340000;
    454;        0.180000;   0.160000; 0.180000; 0.230000; 0.320000;
    455;        0.180000;   0.170000; 0.180000; 0.230000; 0.330000;
    456;        0.180000;   0.160000; 0.180000; 0.230000; 0.330000;
    457;        0.190000;   0.160000; 0.180000; 0.230000; 0.340000;
    458;        0.190000;   0.170000; 0.190000; 0.230000; 0.340000;
    459;        0.190000;   0.180000; 0.180000; 0.250000; 0.330000;
    460;        0.190000;   0.170000; 0.180000; 0.240000; 0.330000;
    461;        0.190000;   0.170000; 0.190000; 0.240000; 0.330000;
    462;        0.200000;   0.180000; 0.190000; 0.250000; 0.340000;
    463;        0.190000;   0.190000; 0.190000; 0.240000; 0.340000;
    464;        0.200000;   0.180000; 0.200000; 0.250000; 0.350000;
    465;        0.210000;   0.190000; 0.210000; 0.270000; 0.370000;
    466;        0.210000;   0.200000; 0.220000; 0.260000; 0.360000;
    467;        0.230000;   0.210000; 0.210000; 0.270000; 0.380000;
    468;        0.230000;   0.210000; 0.210000; 0.270000; 0.380000;
    469;        0.230000;   0.210000; 0.230000; 0.270000; 0.380000;
    470;        0.230000;   0.210000; 0.220000; 0.290000; 0.370000;
    471;        0.240000;   0.220000; 0.230000; 0.280000; 0.400000;
    472;        0.230000;   0.210000; 0.230000; 0.280000; 0.390000;
    473;        0.230000;   0.210000; 0.240000; 0.280000; 0.400000;
    474;        0.240000;   0.220000; 0.230000; 0.290000; 0.400000;
    475;        0.240000;   0.240000; 0.250000; 0.280000; 0.400000;
    476;        0.240000;   0.230000; 0.240000; 0.290000; 0.410000;
    477;        0.250000;   0.230000; 0.250000; 0.290000; 0.390000;
    478;        0.240000;   0.240000; 0.240000; 0.300000; 0.410000;
    479;        0.250000;   0.230000; 0.240000; 0.300000; 0.400000;
    480;        0.180000;   0.160000; 0.170000; 0.220000; 0.350000;
    481;        0.210000;   0.180000; 0.200000; 0.250000; 0.360000;
    482;        0.200000;   0.180000; 0.200000; 0.260000; 0.360000;
    483;        0.200000;   0.190000; 0.200000; 0.260000; 0.360000;
    484;        0.200000;   0.190000; 0.200000; 0.260000; 0.370000;
    485;        0.200000;   0.190000; 0.200000; 0.270000; 0.360000;
    486;        0.210000;   0.190000; 0.200000; 0.260000; 0.370000;
    487;        0.210000;   0.200000; 0.220000; 0.260000; 0.370000;
    488;        0.220000;   0.200000; 0.210000; 0.270000; 0.370000;
    489;        0.210000;   0.190000; 0.220000; 0.260000; 0.380000;
    490;        0.210000;   0.190000; 0.220000; 0.270000; 0.380000;
    491;        0.220000;   0.210000; 0.220000; 0.260000; 0.380000;
    492;        0.230000;   0.210000; 0.210000; 0.270000; 0.380000;
    493;        0.230000;   0.210000; 0.220000; 0.270000; 0.390000;
    494;        0.220000;   0.210000; 0.210000; 0.270000; 0.370000;
    495;        0.220000;   0.210000; 0.210000; 0.290000; 0.400000;
    496;        0.230000;   0.210000; 0.220000; 0.290000; 0.380000;
    497;        0.250000;   0.230000; 0.240000; 0.290000; 0.420000;
    498;        0.260000;   0.230000; 0.250000; 0.290000; 0.410000;
    499;        0.250000;   0.230000; 0.250000; 0.290000; 0.410000;
    500;        0.250000;   0.220000; 0.240000; 0.300000; 0.400000;
    501;        0.260000;   0.240000; 0.250000; 0.300000; 0.410000;
    502;        0.270000;   0.230000; 0.240000; 0.310000; 0.420000;
    503;        0.260000;   0.250000; 0.250000; 0.310000; 0.410000;
    504;        0.260000;   0.240000; 0.260000; 0.310000; 0.410000;
    505;        0.260000;   0.240000; 0.250000; 0.310000; 0.430000;
    506;        0.260000;   0.240000; 0.260000; 0.320000; 0.430000;
    507;        0.260000;   0.240000; 0.250000; 0.320000; 0.430000;
    508;        0.260000;   0.240000; 0.260000; 0.320000; 0.420000;
    509;        0.270000;   0.250000; 0.270000; 0.330000; 0.420000;
    510;        0.270000;   0.250000; 0.270000; 0.310000; 0.450000;
    511;        0.270000;   0.250000; 0.260000; 0.330000; 0.420000;
    512;        0.080000;   0.090000; 0.110000; 0.170000; 0.280000;
    513;        0.110000;   0.110000; 0.130000; 0.190000; 0.320000;
    514;        0.110000;   0.100000; 0.130000; 0.210000; 0.310000;
    515;        0.110000;   0.110000; 0.130000; 0.200000; 0.310000;
    516;        0.120000;   0.100000; 0.140000; 0.200000; 0.320000;
    517;        0.120000;   0.110000; 0.140000; 0.220000; 0.320000;
    518;        0.110000;   0.110000; 0.140000; 0.210000; 0.310000;
    519;        0.120000;   0.120000; 0.140000; 0.210000; 0.320000;
    520;        0.120000;   0.110000; 0.140000; 0.210000; 0.320000;
    521;        0.110000;   0.120000; 0.130000; 0.210000; 0.320000;
    522;        0.130000;   0.120000; 0.140000; 0.210000; 0.320000;
    523;        0.120000;   0.110000; 0.140000; 0.200000; 0.320000;
    524;        0.120000;   0.120000; 0.140000; 0.220000; 0.320000;
    525;        0.130000;   0.120000; 0.150000; 0.220000; 0.320000;
    526;        0.130000;   0.120000; 0.150000; 0.220000; 0.320000;
    527;        0.130000;   0.120000; 0.160000; 0.230000; 0.330000;
    528;        0.120000;   0.120000; 0.150000; 0.220000; 0.320000;
    529;        0.140000;   0.150000; 0.170000; 0.240000; 0.370000;
    530;        0.140000;   0.150000; 0.170000; 0.250000; 0.360000;
    531;        0.140000;   0.140000; 0.180000; 0.250000; 0.360000;
    532;        0.140000;   0.150000; 0.180000; 0.240000; 0.360000;
    533;        0.150000;   0.140000; 0.190000; 0.250000; 0.370000;
    534;        0.150000;   0.160000; 0.190000; 0.250000; 0.370000;
    535;        0.150000;   0.160000; 0.180000; 0.260000; 0.370000;
    536;        0.180000;   0.170000; 0.190000; 0.280000; 0.370000;
    537;        0.170000;   0.160000; 0.190000; 0.260000; 0.370000;
    538;        0.180000;   0.160000; 0.200000; 0.260000; 0.390000;
    539;        0.180000;   0.180000; 0.200000; 0.260000; 0.380000;
    540;        0.180000;   0.190000; 0.200000; 0.270000; 0.390000;
    541;        0.180000;   0.180000; 0.200000; 0.260000; 0.380000;
    542;        0.190000;   0.190000; 0.210000; 0.270000; 0.390000;
    543;        0.180000;   0.190000; 0.210000; 0.260000; 0.400000;
    544;        0.110000;   0.110000; 0.140000; 0.210000; 0.330000;
    545;        0.130000;   0.140000; 0.160000; 0.230000; 0.350000;
    546;        0.140000;   0.140000; 0.160000; 0.230000; 0.360000;
    547;        0.140000;   0.140000; 0.160000; 0.260000; 0.350000;
    548;        0.140000;   0.130000; 0.160000; 0.230000; 0.350000;
    549;        0.130000;   0.150000; 0.160000; 0.230000; 0.360000;
    550;        0.140000;   0.150000; 0.170000; 0.230000; 0.360000;
    551;        0.140000;   0.140000; 0.170000; 0.230000; 0.370000;
    552;        0.150000;   0.140000; 0.170000; 0.250000; 0.360000;
    553;        0.140000;   0.150000; 0.170000; 0.240000; 0.360000;
    554;        0.140000;   0.160000; 0.180000; 0.240000; 0.360000;
    555;        0.150000;   0.150000; 0.170000; 0.240000; 0.360000;
    556;        0.150000;   0.150000; 0.180000; 0.250000; 0.360000;
    557;        0.150000;   0.150000; 0.180000; 0.260000; 0.360000;
    558;        0.150000;   0.150000; 0.180000; 0.250000; 0.380000;
    559;        0.150000;   0.170000; 0.190000; 0.250000; 0.370000;
    560;        0.160000;   0.160000; 0.190000; 0.250000; 0.380000;
    561;        0.180000;   0.170000; 0.200000; 0.280000; 0.380000;
    562;        0.180000;   0.170000; 0.200000; 0.270000; 0.400000;
    563;        0.170000;   0.170000; 0.210000; 0.280000; 0.400000;
    564;        0.180000;   0.180000; 0.220000; 0.280000; 0.400000;
    565;        0.190000;   0.180000; 0.210000; 0.280000; 0.390000;
    566;        0.180000;   0.180000; 0.210000; 0.290000; 0.400000;
    567;        0.190000;   0.180000; 0.210000; 0.280000; 0.400000;
    568;        0.180000;   0.190000; 0.210000; 0.280000; 0.410000;
    569;        0.180000;   0.190000; 0.210000; 0.300000; 0.400000;
    570;        0.190000;   0.190000; 0.210000; 0.290000; 0.420000;
    571;        0.190000;   0.190000; 0.220000; 0.310000; 0.410000;
    572;        0.190000;   0.190000; 0.220000; 0.300000; 0.410000;
    573;        0.200000;   0.190000; 0.230000; 0.290000; 0.410000;
    574;        0.200000;   0.200000; 0.230000; 0.290000; 0.430000;
    575;        0.200000;   0.200000; 0.220000; 0.300000; 0.410000;
    576;        0.110000;   0.120000; 0.140000; 0.200000; 0.330000;
    577;        0.140000;   0.150000; 0.170000; 0.260000; 0.380000;
    578;        0.150000;   0.150000; 0.180000; 0.240000; 0.360000;
    579;        0.150000;   0.140000; 0.170000; 0.260000; 0.360000;
    580;        0.160000;   0.140000; 0.160000; 0.240000; 0.360000;
    581;        0.150000;   0.150000; 0.170000; 0.250000; 0.360000;
    582;        0.150000;   0.140000; 0.170000; 0.250000; 0.380000;
    583;        0.150000;   0.150000; 0.180000; 0.250000; 0.370000;
    584;        0.150000;   0.150000; 0.170000; 0.250000; 0.380000;
    585;        0.150000;   0.150000; 0.170000; 0.250000; 0.380000;
    586;        0.160000;   0.160000; 0.180000; 0.250000; 0.380000;
    587;        0.160000;   0.160000; 0.180000; 0.250000; 0.380000;
    588;        0.160000;   0.160000; 0.180000; 0.260000; 0.380000;
    589;        0.160000;   0.160000; 0.180000; 0.250000; 0.380000;
    590;        0.170000;   0.160000; 0.190000; 0.260000; 0.390000;
    591;        0.170000;   0.170000; 0.190000; 0.260000; 0.380000;
    592;        0.170000;   0.170000; 0.200000; 0.260000; 0.390000;
    593;        0.180000;   0.180000; 0.200000; 0.280000; 0.410000;
    594;        0.180000;   0.190000; 0.200000; 0.280000; 0.420000;
    595;        0.190000;   0.180000; 0.210000; 0.290000; 0.400000;
    596;        0.180000;   0.180000; 0.210000; 0.280000; 0.400000;
    597;        0.190000;   0.180000; 0.220000; 0.280000; 0.400000;
    598;        0.190000;   0.190000; 0.210000; 0.280000; 0.420000;
    599;        0.200000;   0.190000; 0.210000; 0.290000; 0.410000;
    600;        0.200000;   0.190000; 0.220000; 0.290000; 0.430000;
    601;        0.190000;   0.190000; 0.220000; 0.290000; 0.420000;
    602;        0.190000;   0.200000; 0.210000; 0.300000; 0.430000;
    603;        0.200000;   0.190000; 0.220000; 0.300000; 0.430000;
    604;        0.200000;   0.200000; 0.220000; 0.290000; 0.430000;
    605;        0.210000;   0.210000; 0.230000; 0.300000; 0.430000;
    606;        0.210000;   0.200000; 0.220000; 0.300000; 0.430000;
    607;        0.230000;   0.220000; 0.220000; 0.320000; 0.430000;
    608;        0.140000;   0.140000; 0.180000; 0.230000; 0.370000;
    609;        0.170000;   0.170000; 0.200000; 0.270000; 0.400000;
    610;        0.180000;   0.180000; 0.200000; 0.270000; 0.400000;
    611;        0.180000;   0.180000; 0.200000; 0.280000; 0.410000;
    612;        0.170000;   0.180000; 0.200000; 0.270000; 0.400000;
    613;        0.170000;   0.180000; 0.190000; 0.280000; 0.400000;
    614;        0.180000;   0.180000; 0.200000; 0.280000; 0.420000;
    615;        0.180000;   0.190000; 0.200000; 0.280000; 0.410000;
    616;        0.190000;   0.180000; 0.210000; 0.280000; 0.410000;
    617;        0.190000;   0.180000; 0.210000; 0.290000; 0.420000;
    618;        0.190000;   0.180000; 0.210000; 0.290000; 0.410000;
    619;        0.180000;   0.190000; 0.220000; 0.290000; 0.410000;
    620;        0.200000;   0.190000; 0.210000; 0.280000; 0.420000;
    621;        0.190000;   0.200000; 0.220000; 0.280000; 0.420000;
    622;        0.200000;   0.200000; 0.220000; 0.290000; 0.410000;
    623;        0.200000;   0.200000; 0.220000; 0.290000; 0.420000;
    624;        0.200000;   0.200000; 0.220000; 0.290000; 0.420000;
    625;        0.220000;   0.220000; 0.250000; 0.320000; 0.450000;
    626;        0.220000;   0.220000; 0.240000; 0.320000; 0.460000;
    627;        0.220000;   0.230000; 0.240000; 0.320000; 0.460000;
    628;        0.220000;   0.220000; 0.240000; 0.310000; 0.470000;
    629;        0.230000;   0.230000; 0.250000; 0.330000; 0.450000;
    630;        0.230000;   0.250000; 0.250000; 0.330000; 0.460000;
    631;        0.240000;   0.230000; 0.250000; 0.320000; 0.460000;
    632;        0.240000;   0.240000; 0.250000; 0.340000; 0.480000;
    633;        0.240000;   0.240000; 0.260000; 0.330000; 0.460000;
    634;        0.240000;   0.250000; 0.260000; 0.340000; 0.480000;
    635;        0.250000;   0.250000; 0.270000; 0.340000; 0.480000;
    636;        0.240000;   0.250000; 0.280000; 0.340000; 0.480000;
    637;        0.250000;   0.240000; 0.270000; 0.340000; 0.470000;
    638;        0.240000;   0.250000; 0.270000; 0.340000; 0.480000;
    639;        0.250000;   0.250000; 0.270000; 0.340000; 0.480000;
    640;        0.120000;   0.140000; 0.150000; 0.230000; 0.380000;
    641;        0.150000;   0.150000; 0.170000; 0.270000; 0.400000;
    642;        0.160000;   0.150000; 0.180000; 0.250000; 0.410000;
    643;        0.150000;   0.150000; 0.170000; 0.260000; 0.400000;
    644;        0.160000;   0.160000; 0.180000; 0.260000; 0.410000;
    645;        0.160000;   0.150000; 0.170000; 0.270000; 0.400000;
    646;        0.160000;   0.150000; 0.180000; 0.270000; 0.400000;
    647;        0.160000;   0.160000; 0.180000; 0.270000; 0.410000;
    648;        0.160000;   0.160000; 0.190000; 0.270000; 0.400000;
    649;        0.180000;   0.160000; 0.190000; 0.270000; 0.400000;
    650;        0.170000;   0.160000; 0.190000; 0.270000; 0.410000;
    651;        0.170000;   0.160000; 0.190000; 0.270000; 0.400000;
    652;        0.170000;   0.170000; 0.200000; 0.280000; 0.410000;
    653;        0.170000;   0.170000; 0.200000; 0.270000; 0.410000;
    654;        0.170000;   0.170000; 0.210000; 0.280000; 0.410000;
    655;        0.170000;   0.170000; 0.190000; 0.290000; 0.430000;
    656;        0.180000;   0.170000; 0.190000; 0.280000; 0.420000;
    657;        0.200000;   0.190000; 0.220000; 0.300000; 0.440000;
    658;        0.200000;   0.180000; 0.220000; 0.300000; 0.440000;
    659;        0.190000;   0.200000; 0.220000; 0.300000; 0.440000;
    660;        0.210000;   0.190000; 0.220000; 0.310000; 0.440000;
    661;        0.200000;   0.190000; 0.230000; 0.320000; 0.440000;
    662;        0.200000;   0.190000; 0.220000; 0.300000; 0.450000;
    663;        0.200000;   0.210000; 0.220000; 0.310000; 0.440000;
    664;        0.210000;   0.200000; 0.220000; 0.320000; 0.450000;
    665;        0.210000;   0.200000; 0.220000; 0.320000; 0.440000;
    666;        0.210000;   0.200000; 0.240000; 0.310000; 0.450000;
    667;        0.210000;   0.200000; 0.220000; 0.320000; 0.450000;
    668;        0.220000;   0.220000; 0.240000; 0.320000; 0.450000;
    669;        0.210000;   0.210000; 0.250000; 0.330000; 0.460000;
    670;        0.220000;   0.220000; 0.230000; 0.330000; 0.460000;
    671;        0.220000;   0.210000; 0.230000; 0.340000; 0.460000;
    672;        0.150000;   0.160000; 0.190000; 0.260000; 0.410000;
    673;        0.180000;   0.190000; 0.200000; 0.280000; 0.430000;
    674;        0.200000;   0.180000; 0.210000; 0.290000; 0.440000;
    675;        0.190000;   0.190000; 0.210000; 0.300000; 0.440000;
    676;        0.190000;   0.180000; 0.210000; 0.290000; 0.440000;
    677;        0.190000;   0.190000; 0.210000; 0.300000; 0.430000;
    678;        0.190000;   0.180000; 0.210000; 0.300000; 0.430000;
    679;        0.190000;   0.190000; 0.210000; 0.290000; 0.440000;
    680;        0.190000;   0.190000; 0.210000; 0.290000; 0.440000;
    681;        0.190000;   0.190000; 0.210000; 0.300000; 0.450000;
    682;        0.190000;   0.190000; 0.220000; 0.300000; 0.450000;
    683;        0.190000;   0.200000; 0.220000; 0.310000; 0.460000;
    684;        0.200000;   0.190000; 0.230000; 0.310000; 0.450000;
    685;        0.200000;   0.200000; 0.220000; 0.310000; 0.460000;
    686;        0.200000;   0.200000; 0.240000; 0.310000; 0.460000;
    687;        0.220000;   0.210000; 0.230000; 0.300000; 0.450000;
    688;        0.210000;   0.210000; 0.240000; 0.320000; 0.450000;
    689;        0.230000;   0.220000; 0.240000; 0.330000; 0.490000;
    690;        0.230000;   0.230000; 0.260000; 0.330000; 0.490000;
    691;        0.230000;   0.220000; 0.250000; 0.330000; 0.480000;
    692;        0.240000;   0.220000; 0.250000; 0.340000; 0.490000;
    693;        0.250000;   0.230000; 0.260000; 0.340000; 0.490000;
    694;        0.260000;   0.230000; 0.260000; 0.350000; 0.510000;
    695;        0.260000;   0.240000; 0.260000; 0.350000; 0.490000;
    696;        0.240000;   0.240000; 0.260000; 0.350000; 0.490000;
    697;        0.270000;   0.240000; 0.260000; 0.350000; 0.490000;
    698;        0.260000;   0.250000; 0.270000; 0.350000; 0.510000;
    699;        0.250000;   0.260000; 0.290000; 0.360000; 0.520000;
    700;        0.270000;   0.250000; 0.280000; 0.350000; 0.520000;
    701;        0.280000;   0.250000; 0.270000; 0.370000; 0.500000;
    702;        0.260000;   0.250000; 0.300000; 0.370000; 0.530000;
    703;        0.270000;   0.260000; 0.270000; 0.350000; 0.500000;
    704;        0.160000;   0.160000; 0.190000; 0.270000; 0.420000;
    705;        0.190000;   0.180000; 0.210000; 0.300000; 0.450000;
    706;        0.190000;   0.190000; 0.210000; 0.300000; 0.450000;
    707;        0.190000;   0.190000; 0.220000; 0.310000; 0.450000;
    708;        0.210000;   0.190000; 0.230000; 0.300000; 0.450000;
    709;        0.200000;   0.190000; 0.210000; 0.310000; 0.460000;
    710;        0.210000;   0.190000; 0.220000; 0.310000; 0.450000;
    711;        0.200000;   0.200000; 0.220000; 0.310000; 0.460000;
    712;        0.200000;   0.200000; 0.230000; 0.310000; 0.470000;
    713;        0.200000;   0.200000; 0.220000; 0.310000; 0.450000;
    714;        0.200000;   0.210000; 0.220000; 0.310000; 0.460000;
    715;        0.200000;   0.190000; 0.230000; 0.310000; 0.470000;
    716;        0.200000;   0.200000; 0.230000; 0.310000; 0.460000;
    717;        0.200000;   0.200000; 0.230000; 0.310000; 0.470000;
    718;        0.210000;   0.210000; 0.230000; 0.330000; 0.470000;
    719;        0.210000;   0.220000; 0.240000; 0.320000; 0.470000;
    720;        0.210000;   0.210000; 0.240000; 0.320000; 0.470000;
    721;        0.250000;   0.230000; 0.250000; 0.350000; 0.500000;
    722;        0.240000;   0.240000; 0.250000; 0.350000; 0.500000;
    723;        0.250000;   0.240000; 0.250000; 0.340000; 0.500000;
    724;        0.250000;   0.230000; 0.260000; 0.350000; 0.510000;
    725;        0.240000;   0.230000; 0.260000; 0.350000; 0.500000;
    726;        0.240000;   0.240000; 0.270000; 0.350000; 0.520000;
    727;        0.250000;   0.250000; 0.270000; 0.360000; 0.510000;
    728;        0.240000;   0.240000; 0.270000; 0.350000; 0.530000;
    729;        0.250000;   0.240000; 0.270000; 0.350000; 0.510000;
    730;        0.270000;   0.240000; 0.270000; 0.340000; 0.570000;
    731;        0.270000;   0.260000; 0.270000; 0.370000; 0.520000;
    732;        0.260000;   0.250000; 0.270000; 0.350000; 0.530000;
    733;        0.270000;   0.270000; 0.290000; 0.370000; 0.510000;
    734;        0.270000;   0.260000; 0.280000; 0.380000; 0.520000;
    735;        0.280000;   0.260000; 0.300000; 0.370000; 0.520000;
    736;        0.180000;   0.200000; 0.230000; 0.300000; 0.460000;
    737;        0.220000;   0.210000; 0.240000; 0.330000; 0.480000;
    738;        0.220000;   0.220000; 0.240000; 0.330000; 0.490000;
    739;        0.220000;   0.220000; 0.260000; 0.330000; 0.500000;
    740;        0.230000;   0.220000; 0.240000; 0.320000; 0.510000;
    741;        0.240000;   0.220000; 0.250000; 0.340000; 0.500000;
    742;        0.220000;   0.220000; 0.250000; 0.340000; 0.490000;
    743;        0.230000;   0.220000; 0.250000; 0.330000; 0.480000;
    744;        0.230000;   0.230000; 0.250000; 0.340000; 0.490000;
    745;        0.230000;   0.230000; 0.250000; 0.350000; 0.490000;
    746;        0.240000;   0.230000; 0.260000; 0.340000; 0.490000;
    747;        0.230000;   0.240000; 0.250000; 0.340000; 0.510000;
    748;        0.230000;   0.230000; 0.260000; 0.350000; 0.510000;
    749;        0.240000;   0.230000; 0.270000; 0.350000; 0.500000;
    750;        0.250000;   0.240000; 0.270000; 0.350000; 0.510000;
    751;        0.250000;   0.240000; 0.260000; 0.350000; 0.530000;
    752;        0.250000;   0.250000; 0.260000; 0.350000; 0.510000;
    753;        0.260000;   0.250000; 0.280000; 0.370000; 0.530000;
    754;        0.270000;   0.250000; 0.280000; 0.390000; 0.530000;
    755;        0.260000;   0.260000; 0.280000; 0.380000; 0.530000;
    756;        0.270000;   0.260000; 0.280000; 0.380000; 0.530000;
    757;        0.270000;   0.260000; 0.290000; 0.380000; 0.540000;
    758;        0.270000;   0.260000; 0.330000; 0.380000; 0.540000;
    759;        0.280000;   0.260000; 0.290000; 0.390000; 0.530000;
    760;        0.270000;   0.270000; 0.300000; 0.390000; 0.560000;
    761;        0.280000;   0.270000; 0.300000; 0.380000; 0.540000;
    762;        0.270000;   0.270000; 0.290000; 0.390000; 0.550000;
    763;        0.290000;   0.280000; 0.290000; 0.410000; 0.560000;
    764;        0.270000;   0.280000; 0.310000; 0.390000; 0.550000;
    765;        0.290000;   0.280000; 0.300000; 0.400000; 0.550000;
    766;        0.290000;   0.290000; 0.310000; 0.400000; 0.560000;
    767;        0.290000;   0.280000; 0.300000; 0.410000; 0.550000;
    768;        0.140000;   0.140000; 0.170000; 0.260000; 0.430000;
    769;        0.160000;   0.160000; 0.200000; 0.300000; 0.460000;
    770;        0.170000;   0.170000; 0.200000; 0.290000; 0.470000;
    771;        0.170000;   0.160000; 0.190000; 0.300000; 0.470000;
    772;        0.170000;   0.170000; 0.200000; 0.300000; 0.460000;
    773;        0.170000;   0.160000; 0.200000; 0.310000; 0.480000;
    774;        0.170000;   0.170000; 0.200000; 0.300000; 0.470000;
    775;        0.170000;   0.170000; 0.200000; 0.310000; 0.470000;
    776;        0.170000;   0.170000; 0.220000; 0.310000; 0.470000;
    777;        0.180000;   0.160000; 0.210000; 0.300000; 0.470000;
    778;        0.170000;   0.170000; 0.210000; 0.310000; 0.470000;
    779;        0.190000;   0.180000; 0.220000; 0.320000; 0.480000;
    780;        0.180000;   0.180000; 0.200000; 0.320000; 0.470000;
    781;        0.180000;   0.180000; 0.220000; 0.310000; 0.480000;
    782;        0.190000;   0.190000; 0.210000; 0.310000; 0.470000;
    783;        0.180000;   0.190000; 0.210000; 0.320000; 0.470000;
    784;        0.190000;   0.200000; 0.210000; 0.320000; 0.480000;
    785;        0.200000;   0.200000; 0.230000; 0.340000; 0.500000;
    786;        0.210000;   0.200000; 0.230000; 0.340000; 0.510000;
    787;        0.220000;   0.200000; 0.240000; 0.340000; 0.510000;
    788;        0.210000;   0.210000; 0.240000; 0.340000; 0.500000;
    789;        0.210000;   0.210000; 0.240000; 0.350000; 0.500000;
    790;        0.220000;   0.210000; 0.240000; 0.340000; 0.510000;
    791;        0.210000;   0.200000; 0.250000; 0.340000; 0.510000;
    792;        0.210000;   0.210000; 0.250000; 0.350000; 0.510000;
    793;        0.220000;   0.220000; 0.250000; 0.350000; 0.530000;
    794;        0.220000;   0.210000; 0.250000; 0.350000; 0.530000;
    795;        0.220000;   0.220000; 0.250000; 0.350000; 0.510000;
    796;        0.220000;   0.220000; 0.270000; 0.370000; 0.520000;
    797;        0.220000;   0.220000; 0.260000; 0.370000; 0.530000;
    798;        0.220000;   0.220000; 0.250000; 0.370000; 0.540000;
    799;        0.220000;   0.230000; 0.260000; 0.370000; 0.520000;
    800;        0.160000;   0.170000; 0.220000; 0.290000; 0.490000;
    801;        0.190000;   0.190000; 0.220000; 0.320000; 0.510000;
    802;        0.190000;   0.200000; 0.220000; 0.320000; 0.500000;
    803;        0.190000;   0.190000; 0.230000; 0.320000; 0.510000;
    804;        0.200000;   0.190000; 0.230000; 0.320000; 0.500000;
    805;        0.190000;   0.200000; 0.220000; 0.320000; 0.500000;
    806;        0.210000;   0.200000; 0.230000; 0.330000; 0.500000;
    807;        0.200000;   0.200000; 0.240000; 0.330000; 0.520000;
    808;        0.200000;   0.210000; 0.250000; 0.330000; 0.510000;
    809;        0.220000;   0.200000; 0.230000; 0.320000; 0.520000;
    810;        0.200000;   0.200000; 0.250000; 0.330000; 0.510000;
    811;        0.210000;   0.210000; 0.240000; 0.340000; 0.520000;
    812;        0.210000;   0.220000; 0.260000; 0.330000; 0.520000;
    813;        0.210000;   0.210000; 0.240000; 0.340000; 0.520000;
    814;        0.210000;   0.220000; 0.250000; 0.350000; 0.520000;
    815;        0.230000;   0.210000; 0.250000; 0.350000; 0.520000;
    816;        0.210000;   0.220000; 0.250000; 0.350000; 0.530000;
    817;        0.250000;   0.240000; 0.270000; 0.370000; 0.550000;
    818;        0.250000;   0.240000; 0.280000; 0.380000; 0.550000;
    819;        0.240000;   0.240000; 0.260000; 0.370000; 0.560000;
    820;        0.250000;   0.240000; 0.280000; 0.380000; 0.560000;
    821;        0.240000;   0.250000; 0.280000; 0.380000; 0.560000;
    822;        0.240000;   0.250000; 0.280000; 0.380000; 0.560000;
    823;        0.260000;   0.270000; 0.290000; 0.380000; 0.570000;
    824;        0.250000;   0.250000; 0.290000; 0.390000; 0.570000;
    825;        0.270000;   0.250000; 0.300000; 0.390000; 0.570000;
    826;        0.270000;   0.260000; 0.300000; 0.390000; 0.570000;
    827;        0.270000;   0.260000; 0.290000; 0.400000; 0.570000;
    828;        0.280000;   0.270000; 0.290000; 0.390000; 0.580000;
    829;        0.280000;   0.270000; 0.300000; 0.390000; 0.570000;
    830;        0.280000;   0.270000; 0.300000; 0.390000; 0.590000;
    831;        0.280000;   0.270000; 0.300000; 0.400000; 0.570000;
    832;        0.160000;   0.180000; 0.210000; 0.300000; 0.490000;
    833;        0.200000;   0.200000; 0.230000; 0.340000; 0.510000;
    834;        0.210000;   0.190000; 0.230000; 0.330000; 0.530000;
    835;        0.210000;   0.190000; 0.230000; 0.330000; 0.520000;
    836;        0.200000;   0.200000; 0.230000; 0.350000; 0.530000;
    837;        0.210000;   0.200000; 0.230000; 0.340000; 0.530000;
    838;        0.210000;   0.210000; 0.240000; 0.340000; 0.530000;
    839;        0.200000;   0.200000; 0.230000; 0.340000; 0.520000;
    840;        0.210000;   0.210000; 0.240000; 0.340000; 0.530000;
    841;        0.230000;   0.210000; 0.240000; 0.350000; 0.520000;
    842;        0.230000;   0.220000; 0.240000; 0.350000; 0.540000;
    843;        0.220000;   0.210000; 0.260000; 0.350000; 0.520000;
    844;        0.220000;   0.220000; 0.250000; 0.360000; 0.540000;
    845;        0.230000;   0.220000; 0.250000; 0.350000; 0.520000;
    846;        0.230000;   0.230000; 0.250000; 0.360000; 0.530000;
    847;        0.230000;   0.210000; 0.260000; 0.360000; 0.530000;
    848;        0.240000;   0.220000; 0.260000; 0.350000; 0.540000;
    849;        0.250000;   0.240000; 0.280000; 0.390000; 0.570000;
    850;        0.240000;   0.240000; 0.280000; 0.380000; 0.570000;
    851;        0.240000;   0.230000; 0.270000; 0.380000; 0.570000;
    852;        0.250000;   0.250000; 0.290000; 0.380000; 0.560000;
    853;        0.240000;   0.250000; 0.280000; 0.380000; 0.570000;
    854;        0.270000;   0.260000; 0.280000; 0.390000; 0.570000;
    855;        0.260000;   0.250000; 0.290000; 0.390000; 0.570000;
    856;        0.260000;   0.260000; 0.290000; 0.390000; 0.590000;
    857;        0.260000;   0.260000; 0.300000; 0.390000; 0.580000;
    858;        0.270000;   0.270000; 0.290000; 0.400000; 0.580000;
    859;        0.280000;   0.270000; 0.300000; 0.400000; 0.570000;
    860;        0.280000;   0.270000; 0.300000; 0.410000; 0.590000;
    861;        0.280000;   0.280000; 0.310000; 0.400000; 0.590000;
    862;        0.280000;   0.270000; 0.350000; 0.410000; 0.590000;
    863;        0.280000;   0.280000; 0.320000; 0.400000; 0.580000;
    864;        0.200000;   0.210000; 0.250000; 0.330000; 0.520000;
    865;        0.230000;   0.230000; 0.260000; 0.370000; 0.550000;
    866;        0.240000;   0.230000; 0.260000; 0.360000; 0.550000;
    867;        0.240000;   0.240000; 0.270000; 0.370000; 0.550000;
    868;        0.240000;   0.240000; 0.260000; 0.380000; 0.560000;
    869;        0.230000;   0.230000; 0.260000; 0.380000; 0.550000;
    870;        0.240000;   0.230000; 0.280000; 0.370000; 0.560000;
    871;        0.240000;   0.240000; 0.270000; 0.380000; 0.560000;
    872;        0.240000;   0.240000; 0.260000; 0.380000; 0.560000;
    873;        0.260000;   0.250000; 0.270000; 0.380000; 0.560000;
    874;        0.250000;   0.240000; 0.270000; 0.370000; 0.570000;
    875;        0.240000;   0.250000; 0.270000; 0.370000; 0.560000;
    876;        0.250000;   0.250000; 0.270000; 0.380000; 0.590000;
    877;        0.250000;   0.250000; 0.300000; 0.380000; 0.580000;
    878;        0.260000;   0.250000; 0.290000; 0.390000; 0.580000;
    879;        0.260000;   0.250000; 0.280000; 0.390000; 0.570000;
    880;        0.260000;   0.260000; 0.290000; 0.390000; 0.590000;
    881;        0.270000;   0.270000; 0.290000; 0.400000; 0.590000;
    882;        0.270000;   0.280000; 0.310000; 0.410000; 0.600000;
    883;        0.270000;   0.280000; 0.300000; 0.420000; 0.600000;
    884;        0.280000;   0.280000; 0.310000; 0.410000; 0.580000;
    885;        0.270000;   0.270000; 0.310000; 0.410000; 0.610000;
    886;        0.290000;   0.280000; 0.310000; 0.430000; 0.610000;
    887;        0.280000;   0.290000; 0.310000; 0.430000; 0.600000;
    888;        0.290000;   0.280000; 0.300000; 0.420000; 0.610000;
    889;        0.280000;   0.290000; 0.320000; 0.420000; 0.600000;
    890;        0.290000;   0.290000; 0.310000; 0.440000; 0.610000;
    891;        0.290000;   0.280000; 0.330000; 0.420000; 0.600000;
    892;        0.290000;   0.290000; 0.330000; 0.440000; 0.610000;
    893;        0.290000;   0.290000; 0.320000; 0.430000; 0.620000;
    894;        0.300000;   0.300000; 0.330000; 0.440000; 0.610000;
    895;        0.290000;   0.290000; 0.320000; 0.440000; 0.620000;
    896;        0.180000;   0.190000; 0.210000; 0.320000; 0.530000;
    897;        0.220000;   0.220000; 0.240000; 0.350000; 0.550000;
    898;        0.210000;   0.210000; 0.250000; 0.360000; 0.540000;
    899;        0.220000;   0.220000; 0.240000; 0.360000; 0.540000;
    900;        0.220000;   0.210000; 0.240000; 0.360000; 0.540000;
    901;        0.220000;   0.210000; 0.250000; 0.360000; 0.540000;
    902;        0.220000;   0.210000; 0.240000; 0.360000; 0.560000;
    903;        0.220000;   0.210000; 0.250000; 0.380000; 0.560000;
    904;        0.220000;   0.230000; 0.260000; 0.370000; 0.550000;
    905;        0.220000;   0.220000; 0.240000; 0.370000; 0.550000;
    906;        0.220000;   0.220000; 0.250000; 0.370000; 0.550000;
    907;        0.220000;   0.220000; 0.260000; 0.360000; 0.550000;
    908;        0.230000;   0.220000; 0.270000; 0.380000; 0.570000;
    909;        0.230000;   0.220000; 0.260000; 0.370000; 0.560000;
    910;        0.240000;   0.230000; 0.260000; 0.370000; 0.560000;
    911;        0.230000;   0.230000; 0.260000; 0.380000; 0.570000;
    912;        0.230000;   0.230000; 0.260000; 0.380000; 0.570000;
    913;        0.250000;   0.250000; 0.280000; 0.400000; 0.590000;
    914;        0.250000;   0.260000; 0.290000; 0.400000; 0.590000;
    915;        0.260000;   0.240000; 0.290000; 0.390000; 0.590000;
    916;        0.250000;   0.250000; 0.290000; 0.400000; 0.590000;
    917;        0.260000;   0.260000; 0.280000; 0.400000; 0.600000;
    918;        0.270000;   0.260000; 0.290000; 0.400000; 0.600000;
    919;        0.260000;   0.260000; 0.290000; 0.410000; 0.600000;
    920;        0.270000;   0.270000; 0.290000; 0.410000; 0.610000;
    921;        0.270000;   0.270000; 0.300000; 0.420000; 0.600000;
    922;        0.270000;   0.270000; 0.310000; 0.410000; 0.620000;
    923;        0.260000;   0.270000; 0.300000; 0.420000; 0.620000;
    924;        0.290000;   0.280000; 0.320000; 0.440000; 0.620000;
    925;        0.280000;   0.290000; 0.310000; 0.410000; 0.610000;
    926;        0.290000;   0.290000; 0.310000; 0.420000; 0.630000;
    927;        0.290000;   0.290000; 0.320000; 0.440000; 0.610000;
    928;        0.210000;   0.220000; 0.250000; 0.350000; 0.570000;
    929;        0.240000;   0.240000; 0.270000; 0.400000; 0.580000;
    930;        0.230000;   0.240000; 0.270000; 0.390000; 0.590000;
    931;        0.240000;   0.240000; 0.270000; 0.390000; 0.580000;
    932;        0.240000;   0.240000; 0.270000; 0.380000; 0.580000;
    933;        0.240000;   0.230000; 0.270000; 0.380000; 0.590000;
    934;        0.250000;   0.240000; 0.270000; 0.390000; 0.590000;
    935;        0.240000;   0.240000; 0.280000; 0.400000; 0.600000;
    936;        0.250000;   0.250000; 0.280000; 0.390000; 0.590000;
    937;        0.270000;   0.250000; 0.280000; 0.390000; 0.590000;
    938;        0.250000;   0.250000; 0.280000; 0.390000; 0.590000;
    939;        0.260000;   0.250000; 0.290000; 0.390000; 0.590000;
    940;        0.260000;   0.250000; 0.280000; 0.400000; 0.600000;
    941;        0.260000;   0.250000; 0.290000; 0.400000; 0.610000;
    942;        0.260000;   0.260000; 0.300000; 0.390000; 0.610000;
    943;        0.260000;   0.260000; 0.290000; 0.400000; 0.610000;
    944;        0.270000;   0.260000; 0.290000; 0.410000; 0.610000;
    945;        0.280000;   0.280000; 0.310000; 0.410000; 0.650000;
    946;        0.280000;   0.280000; 0.310000; 0.440000; 0.640000;
    947;        0.290000;   0.280000; 0.320000; 0.420000; 0.630000;
    948;        0.290000;   0.290000; 0.310000; 0.420000; 0.640000;
    949;        0.290000;   0.280000; 0.320000; 0.450000; 0.640000;
    950;        0.280000;   0.280000; 0.310000; 0.430000; 0.640000;
    951;        0.280000;   0.290000; 0.320000; 0.440000; 0.650000;
    952;        0.290000;   0.290000; 0.320000; 0.440000; 0.660000;
    953;        0.280000;   0.290000; 0.330000; 0.440000; 0.630000;
    954;        0.300000;   0.290000; 0.330000; 0.450000; 0.660000;
    955;        0.310000;   0.310000; 0.330000; 0.460000; 0.650000;
    956;        0.300000;   0.300000; 0.330000; 0.460000; 0.660000;
    957;        0.300000;   0.300000; 0.320000; 0.450000; 0.660000;
    958;        0.330000;   0.300000; 0.340000; 0.460000; 0.650000;
    959;        0.310000;   0.300000; 0.330000; 0.450000; 0.650000;
    960;        0.220000;   0.220000; 0.250000; 0.360000; 0.570000;
    961;        0.250000;   0.240000; 0.270000; 0.390000; 0.600000;
    962;        0.250000;   0.240000; 0.280000; 0.380000; 0.600000;
    963;        0.250000;   0.250000; 0.280000; 0.400000; 0.610000;
    964;        0.260000;   0.240000; 0.280000; 0.390000; 0.600000;
    965;        0.240000;   0.250000; 0.280000; 0.390000; 0.610000;
    966;        0.260000;   0.250000; 0.280000; 0.390000; 0.620000;
    967;        0.260000;   0.270000; 0.270000; 0.410000; 0.610000;
    968;        0.250000;   0.250000; 0.290000; 0.400000; 0.620000;
    969;        0.250000;   0.260000; 0.290000; 0.410000; 0.610000;
    970;        0.260000;   0.260000; 0.300000; 0.410000; 0.620000;
    971;        0.260000;   0.250000; 0.300000; 0.410000; 0.610000;
    972;        0.260000;   0.250000; 0.300000; 0.410000; 0.610000;
    973;        0.270000;   0.260000; 0.300000; 0.410000; 0.630000;
    974;        0.270000;   0.270000; 0.300000; 0.420000; 0.630000;
    975;        0.270000;   0.260000; 0.300000; 0.420000; 0.610000;
    976;        0.270000;   0.270000; 0.290000; 0.420000; 0.630000;
    977;        0.290000;   0.270000; 0.310000; 0.440000; 0.640000;
    978;        0.280000;   0.290000; 0.330000; 0.430000; 0.640000;
    979;        0.290000;   0.280000; 0.320000; 0.440000; 0.640000;
    980;        0.300000;   0.290000; 0.320000; 0.430000; 0.630000;
    981;        0.290000;   0.290000; 0.310000; 0.450000; 0.630000;
    982;        0.300000;   0.280000; 0.340000; 0.440000; 0.660000;
    983;        0.290000;   0.300000; 0.330000; 0.430000; 0.650000;
    984;        0.290000;   0.290000; 0.330000; 0.450000; 0.650000;
    985;        0.300000;   0.300000; 0.330000; 0.460000; 0.660000;
    986;        0.310000;   0.310000; 0.340000; 0.460000; 0.670000;
    987;        0.310000;   0.310000; 0.340000; 0.470000; 0.650000;
    988;        0.300000;   0.300000; 0.340000; 0.450000; 0.670000;
    989;        0.310000;   0.300000; 0.350000; 0.450000; 0.680000;
    990;        0.310000;   0.310000; 0.340000; 0.470000; 0.660000;
    991;        0.320000;   0.300000; 0.340000; 0.450000; 0.670000;
    992;        0.240000;   0.250000; 0.290000; 0.410000; 0.610000;
    993;        0.270000;   0.270000; 0.300000; 0.420000; 0.630000;
    994;        0.270000;   0.280000; 0.300000; 0.420000; 0.630000;
    995;        0.280000;   0.270000; 0.310000; 0.420000; 0.650000;
    996;        0.280000;   0.280000; 0.310000; 0.430000; 0.630000;
    997;        0.280000;   0.280000; 0.300000; 0.420000; 0.640000;
    998;        0.290000;   0.280000; 0.320000; 0.450000; 0.640000;
    999;        0.280000;   0.280000; 0.320000; 0.430000; 0.640000;
   1000;        0.290000;   0.270000; 0.310000; 0.430000; 0.640000;
   1001;        0.290000;   0.280000; 0.320000; 0.440000; 0.650000;
   1002;        0.280000;   0.290000; 0.320000; 0.430000; 0.650000;
   1003;        0.300000;   0.290000; 0.320000; 0.450000; 0.660000;
   1004;        0.300000;   0.290000; 0.330000; 0.440000; 0.660000;
   1005;        0.300000;   0.290000; 0.320000; 0.430000; 0.660000;
   1006;        0.300000;   0.300000; 0.320000; 0.450000; 0.670000;
   1007;        0.310000;   0.300000; 0.330000; 0.440000; 0.660000;
   1008;        0.300000;   0.310000; 0.320000; 0.450000; 0.660000;
   1009;        0.320000;   0.320000; 0.350000; 0.470000; 0.670000;
   1010;        0.310000;   0.310000; 0.350000; 0.470000; 0.680000;
   1011;        0.320000;   0.320000; 0.360000; 0.460000; 0.670000;
   1012;        0.320000;   0.310000; 0.340000; 0.460000; 0.680000;
   1013;        0.320000;   0.320000; 0.340000; 0.470000; 0.680000;
   1014;        0.320000;   0.330000; 0.360000; 0.480000; 0.700000;
   1015;        0.340000;   0.320000; 0.360000; 0.480000; 0.690000;
   1016;        0.330000;   0.320000; 0.360000; 0.480000; 0.700000;
   1017;        0.320000;   0.320000; 0.350000; 0.480000; 0.680000;
   1018;        0.320000;   0.320000; 0.350000; 0.490000; 0.690000;
   1019;        0.340000;   0.320000; 0.360000; 0.500000; 0.700000;
   1020;        0.330000;   0.340000; 0.370000; 0.490000; 0.700000;
   1021;        0.340000;   0.330000; 0.370000; 0.490000; 0.690000;
   1022;        0.350000;   0.330000; 0.370000; 0.490000; 0.730000;
   1023;        0.340000;   0.330000; 0.370000; 0.500000; 0.700000;
   1024;        0.130000;   0.140000; 0.200000; 0.320000; 0.540000;